Station Name,Start Count,End Count,Start/End Ratio,Community_x,fullness_deviation_at_8,fullness_deviation_at_17,Utilisation_avg_at_8,Utilisation_avg_at_17,Community_y,Average Trip Duration (minutes)
"Abbey Orchard Street, Westminster",498,575,0.8660869565217392,3,0.4623777663407104,0.0288541827740838,3.5846153846153848,3.876923076923077,3,12.546101941097724
"Abingdon Green, Westminster",418,427,0.9789227166276346,3,0.3071428571428571,0.0428571428571428,3.5846153846153848,2.5384615384615383,3,12.369195055821372
"Albany Street, The Regent's Park",492,416,1.1826923076923077,0,0.0546296296296296,0.4118518518518519,2.815384615384616,1.4923076923076923,0,9.313987093495934
"Albert Embankment, Vauxhall",309,244,1.2663934426229508,3,0.2916666666666667,0.2083333333333333,1.8615384615384616,2.5384615384615383,3,13.959423139158575
"Albert Gate, Hyde Park",718,585,1.2273504273504274,3,0.2218487394957984,0.1340153452685423,3.507692307692308,6.646153846153847,3,18.9102945450325
"Aldersgate Street, Barbican",1254,1194,1.050251256281407,1,0.06,0.0333333333333333,11.815384615384616,8.692307692307692,1,8.689902698032961
"Allington Street, Victoria",785,788,0.9961928934010152,3,0.4308452792881863,0.05,8.492307692307692,8.661538461538461,3,13.2840659447983
"Ampton Street , Clerkenwell",486,460,1.056521739130435,0,0.0666666666666667,0.2792485801660114,2.646153846153846,2.6153846153846154,0,8.900851131687244
"Archbishop's Park, Waterloo",220,266,0.8270676691729323,2,0.3242236024844722,0.0658385093167702,1.9230769230769231,1.6923076923076923,2,9.821217196969696
"Argyle Street, Kings Cross",2454,2427,1.011124845488257,0,0.1120963327859879,0.1599837000814997,32.723076923076924,29.0,0,12.347226738657971
"Arundel Street, Temple",396,423,0.9361702127659576,2,0.408187134502924,0.2095238095238094,1.5846153846153843,2.1538461538461537,2,12.44655904882155
"Ashley Place, Victoria",524,563,0.9307282415630552,3,0.4,0.1135877862595419,5.4,4.092307692307692,3,10.391139217557251
"Baker Street, Marylebone",546,435,1.2551724137931035,0,0.1090909090909091,0.0272727272727272,4.323076923076923,3.938461538461538,0,10.687375396825397
"Baldwin Street, St. Luke's",751,676,1.1109467455621302,1,0.2402515723270441,0.0487023245317079,8.03076923076923,6.4,1,11.439908943630716
"Bank of England Museum, Bank",798,849,0.939929328621908,1,0.0874999999999999,0.0156398104265402,4.184615384615385,9.538461538461538,1,10.97551186299081
"Bankside Mix, Bankside",554,676,0.8195266272189349,2,0.4166666666666667,0.3151591289782245,5.830769230769231,6.107692307692307,2,9.577408634175692
"Barbican Centre, Barbican",611,596,1.0251677852348993,1,0.5233082706766918,0.1218045112781954,3.784615384615385,3.4153846153846152,1,10.748691489361702
"Bath Street, St. Luke's",1128,1067,1.057169634489222,1,0.1383838383838384,0.0587939698492459,11.046153846153846,8.63076923076923,1,9.239832771867611
"Bayley Street , Bloomsbury",773,777,0.9948519948519948,0,0.2666666666666666,0.1735849056603772,5.523076923076923,6.446153846153846,0,10.188376433807676
"Baylis Road, Waterloo",1169,1229,0.951179820992677,2,0.0552631578947367,0.0919843597262955,13.446153846153846,11.046153846153846,2,9.613289021956088
"Beaumont Street, Marylebone",561,557,1.007181328545781,0,0.1646176911544228,0.0097826086956521,2.476923076923077,2.923076923076923,0,12.402989334521688
"Bedford Way, Bloomsbury",406,364,1.1153846153846154,0,0.3260869565217395,0.0652173913043479,1.1692307692307693,1.5846153846153843,0,12.324591748768473
"Belgrave Road, Victoria",350,329,1.0638297872340423,3,0.2512445763873031,0.153391436150057,3.953846153846154,3.3384615384615386,3,12.800620904761908
"Belgrave Square, Belgravia",258,290,0.8896551724137931,3,0.336904761904762,0.1066666666666666,1.7692307692307692,1.4307692307692308,3,13.326297480620156
"Bell Lane, Liverpool Street",580,527,1.1005692599620494,1,0.3141304347826087,0.0318840579710145,2.4153846153846152,3.0,1,10.712705086206896
"Bell Street , Marylebone",509,437,1.1647597254004576,0,0.2402515723270439,0.26415770609319,3.815384615384616,2.4923076923076923,0,12.50980468238376
"Belvedere Road 1, South Bank",473,517,0.9148936170212766,1,0.0604551920341395,0.4921052631578949,4.861538461538461,3.123076923076923,1,11.178658210007049
"Belvedere Road 2, South Bank",350,378,0.925925925925926,2,0.1562715199212987,0.468421052631579,4.7846153846153845,1.984615384615385,2,11.456875095238097
"Bermondsey Street, Bermondsey",792,776,1.0206185567010309,2,0.0916666666666666,0.3333333333333333,7.369230769230769,5.969230769230769,2,11.753420980639731
"Berry Street, Clerkenwell",750,743,1.009421265141319,1,0.3809312638580932,0.0824833702882483,7.707692307692308,5.323076923076923,1,10.2675906
"Bethnal Green Road, Shoreditch",957,902,1.0609756097560976,1,0.1842105263157895,0.0978947368421053,8.353846153846154,6.815384615384615,1,10.009399164054336
"Birkenhead Street, King's Cross",762,735,1.036734693877551,0,0.0998998998999001,0.2265644955300129,6.707692307692308,6.061538461538461,0,13.338294685039369
"Black Prince Road, Vauxhall",517,529,0.9773156899810964,2,0.0719298245614032,0.2894736842105264,2.4,3.769230769230769,2,11.785819793681496
"Blackfriars Road, Southwark",568,573,0.9912739965095986,2,0.2833333333333334,0.1333333333333333,6.615384615384615,4.861538461538461,2,10.055948767605637
"Blackfriars Station, St. Paul's",1066,1097,0.9717411121239744,1,0.3771428571428572,0.0428571428571428,15.553846153846154,13.723076923076922,1,9.465255096935586
"Bolsover Street, Fitzrovia",488,472,1.0338983050847457,0,0.236842105263158,0.174436090225564,4.953846153846154,3.4461538461538463,0,10.069429269125685
"Borough High Street, The Borough",504,495,1.018181818181818,2,0.2571428571428572,0.0666666666666667,4.553846153846154,3.0153846153846158,2,10.802685912698411
"Borough Road, Elephant & Castle",442,475,0.9305263157894736,2,0.3648780487804878,0.2864111498257841,3.923076923076923,3.615384615384616,2,9.42811745852187
"Boston Place, Marylebone",1106,740,1.4945945945945946,0,0.2053191489361703,0.2303358613217772,15.36923076923077,8.553846153846154,0,15.536065084388186
"Bourne Street, Belgravia",236,258,0.9147286821705426,3,0.2475,0.065,1.2,1.1076923076923078,3,12.879369562146891
"Bouverie Street, Temple",576,663,0.8687782805429864,2,0.4162878787878789,0.1535192563081008,4.461538461538462,4.3538461538461535,2,10.659045486111111
"Braham Street, Aldgate",849,735,1.1551020408163266,1,0.3316176470588237,0.0196380090497736,8.876923076923077,8.03076923076923,1,12.568439026305455
"Brandon Street, Walworth",378,344,1.0988372093023255,2,0.0379679144385026,0.3781818181818183,1.446153846153846,1.3384615384615384,2,12.241443827160492
"Breams Buildings, Holborn",579,628,0.9219745222929936,1,0.2752941176470589,0.19,2.953846153846154,4.707692307692308,1,10.310440213010938
"Brick Lane Market, Shoreditch",249,253,0.984189723320158,1,0.25,0.2083333333333333,0.3538461538461538,1.0307692307692309,1,11.065195381526104
"Bricklayers Arms, Borough",875,768,1.1393229166666667,2,0.0676691729323311,0.2561224489795923,6.876923076923077,6.0,2,11.081990457142856
"British Museum, Bloomsbury",649,595,1.0907563025210083,0,0.4171428571428572,0.2,4.430769230769231,4.584615384615384,0,10.190676425269643
"Broadcasting House, Marylebone",570,582,0.979381443298969,0,0.2188034188034188,0.0045685279187817,6.984615384615385,4.676923076923077,0,11.01007701754386
"Broadley Terrace, Marylebone",235,170,1.3823529411764706,0,0.2222222222222222,0.0722222222222221,3.0,0.7538461538461538,0,13.215734964539006
"Broadwick Street, Soho",665,747,0.8902275769745649,0,0.3333333333333333,0.0055555555555556,4.430769230769231,6.323076923076923,0,12.587061954887217
"Brunswick Square, Bloomsbury",685,711,0.9634317862165964,0,0.25,0.0833333333333333,3.3076923076923075,5.246153846153846,0,9.011405669099757
"Brushfield Street, Liverpool Street",1238,1672,0.7404306220095693,1,0.2607843137254902,0.0995917132920005,12.63076923076923,15.8,1,12.294025538502964
"Bruton Street, Mayfair",231,221,1.0452488687782806,0,0.5142857142857145,0.2233766233766234,0.1076923076923077,1.8,0,12.463046392496391
"Buckingham Gate, Westminster",376,407,0.9238329238329238,3,0.2983638743455498,0.0958333333333333,3.907692307692307,3.8,3,13.99119175531915
"Bunhill Row, Moorgate",1033,1083,0.953831948291782,1,0.1733333333333334,0.2147098515519567,10.476923076923075,9.553846153846154,1,9.49316808647951
"Bury Place, Holborn",444,455,0.9758241758241758,0,0.4809523809523811,0.0080340516094701,3.3846153846153846,4.030769230769231,0,11.053917717717718
"Butler Place, Westminster",428,436,0.981651376146789,3,0.3467661691542291,0.0,5.184615384615385,4.0,3,12.578535747663553
"Buxton Street 1, Shoreditch",161,146,1.1027397260273972,1,0.3024390243902439,0.5268292682926831,0.2,0.6,1,13.406285507246375
"Cadogan Gardens, Chelsea",349,254,1.374015748031496,3,0.1428571428571429,0.1073170731707319,2.076923076923077,1.0769230769230769,3,13.30925611270296
"Cadogan Place, Knightsbridge",179,199,0.8994974874371859,3,0.4856316297010608,0.3235294117647059,0.9846153846153848,0.9692307692307692,3,13.053337988826817
"Calshot Street , King's Cross",228,195,1.1692307692307693,0,0.2316666666666667,0.375,1.1384615384615384,1.0923076923076922,0,13.395234356725148
"Carey Street, Holborn",416,423,0.983451536643026,2,0.6655000000000001,0.2544902912621359,0.5230769230769231,2.507692307692308,2,10.64538000801282
"Cartwright Gardens , Bloomsbury",600,533,1.125703564727955,0,0.0809523809523808,0.2142857142857143,3.0153846153846158,2.6,0,9.765493888888887
"Central House, Aldgate",320,340,0.9411764705882352,1,0.1457364341085277,0.0777777777777777,2.723076923076923,2.6923076923076925,1,13.305755468749998
"Chadwell Street, Angel",674,552,1.2210144927536233,1,0.1555555555555555,0.2777777777777778,5.846153846153846,4.646153846153847,1,10.956288105835808
"Chapel Place, Marylebone",508,636,0.7987421383647799,0,0.2647403570941802,0.0244514106583072,4.046153846153846,3.5846153846153848,0,11.470273523622048
"Charlbert Street, St. John's Wood",340,293,1.1604095563139931,0,0.0251106194690264,0.2821629213483145,1.5846153846153843,1.0461538461538462,0,14.713701421568627
"Charles II Street, West End",337,419,0.8042959427207638,3,0.5716515609264856,0.0449866310160426,2.2153846153846155,2.9692307692307693,3,13.000132640949555
"Charlotte Street, Fitzrovia",405,417,0.9712230215827338,0,0.4466165413533836,0.0714285714285714,3.6,2.2153846153846155,0,10.064893127572017
"Cheapside, Bank",1562,1716,0.9102564102564102,1,0.272093023255814,0.2035854788108164,18.32307692307692,19.0,1,10.543668960734102
"Chelsea Green, Chelsea",193,170,1.1352941176470588,3,0.1733333333333334,0.1452380952380952,1.323076923076923,1.015384615384615,3,16.026861139896372
"Chicheley Street, South Bank",518,560,0.925,3,0.2277249683143221,0.065,6.369230769230769,5.815384615384615,3,13.060491216216215
"Christopher Street, Liverpool Street",449,475,0.9452631578947368,1,0.28125,0.125,4.523076923076923,6.7846153846153845,1,12.225659279881215
"City Road, Angel",393,393,1.0,1,0.267503444053268,0.3123404255319149,2.907692307692308,2.3076923076923075,1,9.890634987277354
"Claremont Square, Angel",358,212,1.6886792452830188,1,0.3333333333333333,0.3888888888888889,1.0,1.3076923076923077,1,9.530552420856612
"Clarges Street, Mayfair",205,203,1.0098522167487685,3,0.4125000000000001,0.0803571428571426,0.8461538461538461,1.2769230769230768,3,11.535595528455286
"Clerkenwell Green, Clerkenwell",830,871,0.9529276693455798,1,0.200865800865801,0.0346528973034991,9.169230769230769,7.861538461538461,1,10.49949078313253
"Clifford Street, Mayfair",242,390,0.6205128205128205,3,0.3823529411764706,0.0688854489164085,0.5230769230769231,1.5384615384615383,3,11.997567768595042
"Clifton Street, Shoreditch",310,318,0.9748427672955976,1,0.4704545454545455,0.0018483709273182,0.6307692307692307,1.3076923076923077,1,10.859205
"Cloudesley Road, Angel",517,258,2.003875968992248,0,0.397837837837838,0.478918918918919,1.3384615384615384,1.646153846153846,0,14.621247678916829
"Colombo Street, Southwark",22,15,1.4666666666666666,2,0.4753246753246753,0.3571428571428572,0.123076923076923,0.1384615384615384,2,9.695333333333334
"Columbia Road, Shoreditch",503,425,1.183529411764706,1,0.0591954022988509,0.2095238095238096,4.615384615384615,2.5384615384615383,1,12.005709675281643
"Commercial Street, Shoreditch",276,236,1.1694915254237288,1,0.2763257575757576,0.1326923076923084,0.6461538461538462,0.4769230769230769,1,11.575488828502415
"Concert Hall Approach 1, South Bank",322,383,0.8407310704960835,2,0.06,0.1615894039735099,2.8,2.9846153846153847,2,11.873945082815736
"Concert Hall Approach 2, South Bank",412,478,0.8619246861924686,1,0.098989898989899,0.2647114926084883,7.415384615384616,4.969230769230769,1,11.259093770226537
"Coram Street, Bloomsbury",517,438,1.1803652968036529,0,0.3275862068965517,0.1896551724137931,3.938461538461538,2.8615384615384616,0,10.476397775628628
"Cotton Garden Estate, Kennington",388,370,1.0486486486486486,2,0.1483333333333333,0.3823170731707317,1.3384615384615384,0.9692307692307692,2,11.619499441580755
"Craven Street, Strand",972,1016,0.9566929133858268,3,0.3407516580692706,0.0984833164812942,7.584615384615384,11.569230769230767,3,11.349705349794238
"Crawford Street, Marylebone",538,498,1.0803212851405624,0,0.2095238095238096,0.027272727272727,4.769230769230769,3.107692307692308,0,11.313669021065676
"Crimscott Street, Bermondsey",542,500,1.084,2,0.0523431867339583,0.4547368421052633,7.0,2.4615384615384617,2,13.31274074415744
"Crinan Street, King's Cross",171,157,1.089171974522293,0,0.35,0.2,0.4923076923076923,0.8769230769230769,0,15.3786977582846
"Cromer Street, Bloomsbury",366,398,0.9195979899497488,0,0.0828571428571429,0.2614285714285715,0.8615384615384616,1.676923076923077,0,10.591057468123864
"Crosswall, Tower",1202,1190,1.0100840336134451,2,0.3577066269545793,0.0272727272727273,14.246153846153844,14.430769230769233,2,12.505401747088186
"Curlew Street, Shad Thames",884,801,1.1036204744069913,2,0.0095238095238094,0.3964803312629406,7.076923076923077,4.153846153846154,2,12.791614932126697
"Curzon Street, Mayfair",274,306,0.8954248366013072,3,0.2948529411764706,0.1505813953488372,0.6307692307692307,2.5384615384615383,3,11.652692944038929
"Denyer Street, Knightsbridge",219,216,1.0138888888888888,3,0.2066666666666667,0.3933333333333334,1.1692307692307693,0.7384615384615385,3,12.324127397260275
"Dickens Square, Borough",346,318,1.0880503144654088,2,0.28125,0.3787037037037037,1.5692307692307692,0.8,2,8.932865077071291
"Doric Way , Somers Town",952,737,1.2917232021709633,0,0.3399999999999999,0.4544360902255639,10.707692307692309,7.492307692307692,0,13.18820863095238
"Dorset Square, Marylebone",741,744,0.995967741935484,0,0.0735849056603772,0.1371478873239436,8.338461538461539,6.2,0,12.901656095366622
"Drummond Street , Euston",421,325,1.2953846153846154,0,0.2848837209302326,0.4321428571428573,0.9846153846153848,1.2461538461538462,0,11.073952058590656
"Drury Lane, Covent Garden",787,883,0.8912797281993206,0,0.3460317460317461,0.0185185185185184,2.6923076923076925,8.076923076923077,0,10.974117174925878
"Duke Street Hill, London Bridge",1552,1670,0.9293413173652696,2,0.2571428571428572,0.1519163763066203,17.246153846153845,17.138461538461538,2,10.750595736683849
"Eagle Wharf Road, Hoxton",1274,997,1.2778335005015045,1,0.108234630569656,0.3222222222222223,11.415384615384616,8.307692307692308,1,10.732309981684985
"Earnshaw Street , Covent Garden",636,667,0.9535232383808095,0,0.4083333333333334,0.1846960167714881,3.569230769230769,5.6923076923076925,0,11.432753328092245
"Eaton Square (South), Belgravia",192,184,1.0434782608695652,3,0.497054698457223,0.3387096774193548,1.5076923076923077,0.5384615384615384,3,13.629813194444443
"Ebury Bridge, Pimlico",302,266,1.1353383458646618,3,0.2597701149425288,0.2721732157177231,2.353846153846154,1.676923076923077,3,12.870577097130244
"Eccleston Place, Victoria",587,580,1.0120689655172417,3,0.0516746411483254,0.0844751543663623,7.1692307692307695,5.2,3,12.407138926746166
"Edgware Road Station, Marylebone",394,348,1.132183908045977,0,0.3008928571428572,0.4178571428571429,4.061538461538461,2.230769230769231,0,11.319287690355331
"Elizabeth Bridge, Victoria",317,342,0.9269005847953216,3,0.2980392156862746,0.1904665314401622,1.9538461538461536,4.046153846153846,3,13.781665772870662
"Embankment (Savoy), Strand",229,256,0.89453125,3,0.3442300691663633,0.2317073170731707,0.676923076923077,1.8461538461538465,3,13.689936972343522
"Empire Square, The Borough",710,704,1.0085227272727273,2,0.2397515527950312,0.2074449076831448,6.061538461538461,5.630769230769231,2,9.862063802816902
"Endsleigh Gardens, Euston",1015,890,1.1404494382022472,0,0.1900568181818185,0.2380681818181819,9.246153846153844,8.830769230769231,0,12.843462660098522
"Euston Road, Euston",449,501,0.8962075848303394,0,0.1252008032128514,0.2032520325203254,2.9384615384615387,2.9846153846153847,0,12.456185560504826
"Euston Square Gardens, Euston",403,420,0.9595238095238096,0,0.138095238095238,0.3141361256544503,3.8461538461538463,4.092307692307692,0,13.145808147229117
"Eversholt Street , Camden Town",487,473,1.029598308668076,0,0.0785596026490065,0.4625000000000001,2.4153846153846152,2.7384615384615385,0,11.598212559890486
"Falkirk Street, Hoxton",421,432,0.9745370370370372,1,0.023076923076923,0.2822742474916389,3.476923076923077,2.076923076923077,1,12.317612787015044
"Fanshaw Street, Hoxton",654,570,1.1473684210526316,1,0.1656308851224107,0.3274098601913172,4.338461538461538,2.892307692307692,1,10.712488965341487
"Farm Street, Mayfair",165,141,1.1702127659574468,3,0.4220064724919093,0.0266666666666666,0.5230769230769231,0.8769230769230769,3,12.439524545454544
"Farringdon Lane, Clerkenwell",458,434,1.055299539170507,1,0.2208333333333334,0.1053571428571428,3.523076923076923,4.753846153846154,1,11.436997270742358
"Farringdon Street, Holborn",703,665,1.0571428571428572,1,0.0216370106761565,0.2199999999999999,4.984615384615385,7.138461538461539,1,10.282467140825036
"Fashion Street, Whitechapel",320,320,1.0,1,0.1733333333333334,0.1785714285714286,0.8615384615384616,1.0615384615384615,1,10.71681984375
"Finsbury Circus, Liverpool Street",1253,1524,0.8221784776902887,1,0.3018654511690726,0.0988344988344988,19.784615384615385,14.0,1,11.459230885873904
"Finsbury Leisure Centre, St. Luke's",1191,1024,1.1630859375,1,0.0537974683544304,0.15,9.830769230769231,8.046153846153846,1,8.851862636439966
"Finsbury Library , Finsbury",501,504,0.9940476190476192,1,0.2586206896551724,0.2292973813844961,5.0,3.4461538461538463,1,12.216820858283432
"Finsbury Square , Moorgate",589,642,0.9174454828660435,1,0.4064935064935066,0.0277056277056276,6.676923076923077,5.569230769230769,1,11.75628896434635
"Fire Brigade Pier, Vauxhall",373,316,1.1803797468354431,3,0.2571428571428572,0.1666666666666667,3.6307692307692303,2.169230769230769,3,11.184304110813226
"Foley Street, Fitzrovia",639,632,1.0110759493670889,0,0.4166666666666667,0.0416666666666666,7.076923076923077,4.569230769230769,0,10.356658894105372
"Fore Street Avenue, Guildhall",465,590,0.788135593220339,1,0.2701754385964913,0.0558704453441295,6.138461538461539,5.384615384615385,1,10.226351218637992
"Fore Street, Guildhall",466,570,0.8175438596491228,1,0.3321739130434783,0.0892307692307692,6.892307692307693,5.292307692307692,1,10.34389796137339
"Fournier Street, Whitechapel",451,506,0.8913043478260869,1,0.3507936507936509,0.0126984126984126,2.876923076923077,3.0615384615384613,1,12.9931096082779
"Frith Street, Soho",459,544,0.84375,0,0.4488888888888889,0.1,0.4461538461538462,3.230769230769231,0,13.11176572258533
"Gaywood  Street, Elephant & Castle",446,495,0.901010101010101,2,0.2327485380116958,0.4136752136752137,2.476923076923077,3.4923076923076923,2,10.274810687593424
"George Place Mews, Marylebone",287,260,1.103846153846154,0,0.2964788732394366,0.0025,3.0,0.8923076923076924,0,9.912214459930311
"George Street, Marylebone",442,483,0.9151138716356108,0,0.3420875420875422,0.0194444444444444,3.923076923076923,2.923076923076923,0,11.043920437405731
"Geraldine Street, Elephant & Castle",221,205,1.078048780487805,2,0.0558823529411764,0.3235294117647059,0.4307692307692308,0.8153846153846154,2,11.02297911010558
"Gloucester Street, Pimlico",504,462,1.0909090909090908,3,0.0072727272727272,0.3447761194029854,3.507692307692308,1.7538461538461538,3,12.280529232804234
"Godliman Street, St. Paul's",495,573,0.8638743455497382,1,0.2737160120845922,0.0009302325581396,3.4923076923076923,6.092307692307692,1,10.17495494949495
"Golden Lane, Barbican",504,517,0.9748549323017408,1,0.3947089947089948,0.2787037037037043,2.6615384615384614,3.476923076923077,1,9.482394973544974
"Golden Square, Soho",468,482,0.970954356846473,0,0.3111111111111112,0.0272727272727272,1.7384615384615385,6.2615384615384615,0,12.135774537037038
"Good's Way, King's Cross",594,584,1.0171232876712328,0,0.3004778972520913,0.1074819786229183,2.646153846153846,5.630769230769231,0,13.189450112233445
"Goswell Road (City Uni), Finsbury",14,5,2.8,1,0.2201680672268908,0.2218487394957984,2.292307692307692,1.323076923076923,1,10.790084523809524
"Gower Place , Euston",569,546,1.0421245421245422,0,0.423529411764706,0.1215686274509804,4.230769230769231,4.646153846153847,0,10.779593350908026
"Grafton Street, Mayfair",231,274,0.843065693430657,3,0.4699107866991079,0.0833333333333334,0.8769230769230769,1.2769230769230768,3,11.477442496392497
"Graham Street, Angel",743,508,1.4625984251968505,1,0.1038461538461539,0.3120879120879122,6.507692307692308,3.830769230769231,1,11.618391274113954
"Granby Street, Shoreditch",420,373,1.126005361930295,1,0.1270451659713405,0.3266409266409267,1.015384615384615,2.0,1,11.123582817460315
"Great Dover Street, The Borough",969,877,1.104903078677309,2,0.106060606060606,0.4537878787878788,6.476923076923077,5.0,2,11.84108381492948
"Great Percy Street, Clerkenwell",565,482,1.1721991701244814,0,0.048681958233482,0.4326086956521741,2.892307692307692,2.953846153846154,0,10.2006998820059
"Great Russell Street, Bloomsbury",517,551,0.9382940108892922,0,0.2307692307692307,0.0340659340659341,3.123076923076923,3.723076923076923,0,11.50932304964539
"Great Suffolk Street, The Borough",470,448,1.0491071428571428,2,0.1666666666666666,0.2142857142857143,5.876923076923077,4.415384615384616,2,9.645729042553192
"Great Titchfield Street, Fitzrovia",457,435,1.0505747126436782,0,0.3849624060150377,0.0943526699961584,4.153846153846154,2.953846153846154,0,10.48597355944566
"Great Tower Street, Monument",742,869,0.85385500575374,2,0.2323529411764706,0.1592687074829933,9.092307692307692,10.753846153846156,2,11.69973405211141
"Green Park Station, Mayfair",634,727,0.8720770288858322,3,0.3904761904761906,0.0499999999999999,6.384615384615385,4.892307692307693,3,11.882406572029442
"Green Street, Mayfair",365,298,1.2248322147651007,3,0.2592105263157895,0.0524027459954232,1.6923076923076923,2.292307692307692,3,13.810433333333334
"Greenberry Street, St.John's Wood",246,165,1.490909090909091,0,0.2676923076923078,0.5230769230769232,0.6461538461538462,0.4,0,14.233836653116532
"Greycoat Street , Westminster",156,185,0.8432432432432433,3,0.4613672496025439,0.3235294117647063,0.9846153846153848,1.1076923076923078,3,9.335421901709402
"Grosvenor Crescent, Belgravia",108,122,0.8852459016393442,3,0.3312024353120244,0.1333333333333333,0.4,0.4923076923076923,3,12.40014398148148
"Grosvenor Square, Mayfair",359,363,0.9889807162534436,3,0.3508021390374332,0.0455882352941175,2.6615384615384614,3.292307692307692,3,9.721598235840297
"Guildhouse Street, Victoria",220,217,1.0138248847926268,3,0.025,0.3466942148760333,1.3076923076923077,1.7846153846153847,3,10.209426363636364
"Guilford Street , Bloomsbury",864,805,1.0732919254658384,0,0.1835227272727273,0.0125,8.615384615384615,6.369230769230769,0,10.635311651234568
"Hampstead Road, Euston",808,704,1.1477272727272727,0,0.3933333333333334,0.2592592592592593,6.476923076923077,5.4,0,10.57693735561056
"Hampton Street, Walworth",460,481,0.9563409563409564,2,0.0511904761904761,0.3047619047619049,3.1538461538461537,4.292307692307692,2,12.111144855072464
"Hardwick Street, Clerkenwell",375,303,1.2376237623762376,2,0.103448275862069,0.4,0.6153846153846154,1.0615384615384615,2,10.081563244444444
"Harper Road, The Borough",308,301,1.0232558139534884,2,0.2733333333333334,0.4792717086834735,1.9538461538461536,1.2615384615384615,2,10.307341287878788
"Harriet Street, Knightsbridge",286,284,1.0070422535211268,3,0.2706766917293237,0.1828571428571429,1.9538461538461536,2.569230769230769,3,13.601198018648018
"Harrington Square 1, Camden Town",579,496,1.1673387096774193,0,0.0867724867724868,0.4131341425459074,4.476923076923077,3.7384615384615385,0,12.152932584916524
"Harris Academy, Bermondsey",378,359,1.052924791086351,2,0.1285714285714286,0.3777777777777779,0.6923076923076923,1.676923076923077,2,14.391644708994708
"Harrowby Street, Marylebone",483,431,1.1206496519721578,0,0.0625,0.2108695652173917,3.6769230769230767,2.1846153846153844,0,12.18205745341615
"Hatton Garden, Holborn",822,828,0.9927536231884058,1,0.3661557326793382,0.0714285714285715,8.276923076923078,7.092307692307692,1,9.47612313463098
"Hatton Wall, Holborn",889,918,0.9684095860566448,1,0.3638009049773756,0.0657342657342656,10.492307692307692,7.8307692307692305,1,10.183206392950884
"High Holborn , Covent Garden",803,908,0.8843612334801763,0,0.2522727272727273,0.225,6.6923076923076925,8.03076923076923,0,10.162826733084268
"Hinde Street, Marylebone",504,568,0.8873239436619719,0,0.2369047619047619,0.0095238095238094,4.415384615384616,4.876923076923077,0,11.749213822751324
"Holborn Circus, Holborn",1160,1456,0.7967032967032966,1,0.3447535771065183,0.25,16.49230769230769,9.738461538461538,1,10.424626738505747
"Holy Trinity Brompton, Knightsbridge",291,241,1.2074688796680495,3,0.3624357656731758,0.2571428571428572,2.6923076923076925,2.5538461538461537,3,15.98801695303551
"Hop Exchange, The Borough",1333,1870,0.7128342245989305,2,0.3748532289628181,0.1395512480084971,12.93846153846154,14.63076923076923,2,10.218075893973491
"Horseferry Road, Westminster",591,626,0.9440894568690096,3,0.3125,0.0276162790697674,5.184615384615385,5.753846153846154,3,12.240284884376765
"Houghton Street, Strand",489,542,0.9022140221402214,2,0.4166666666666667,0.0761904761904761,1.0923076923076922,3.261538461538461,2,11.478630129516018
"Houndsditch, Aldgate",435,602,0.7225913621262459,1,0.2740601503759399,0.0902597402597402,6.153846153846154,4.230769230769231,1,12.117202911877396
"Howick Place, Westminster",611,705,0.8666666666666667,3,0.3148148148148151,0.0185185185185186,8.0,5.307692307692308,3,11.573048690671031
"Howland Street, Fitzrovia",806,834,0.9664268585131894,0,0.3843137254901961,0.0499999999999999,8.461538461538462,5.323076923076923,0,10.143978618693136
"Hoxton Station, Hoxton",385,351,1.0968660968660968,1,0.1741258741258741,0.2246753246753247,1.1846153846153846,2.0307692307692307,1,11.953028095238096
"Hoxton Street, Hoxton",292,268,1.0895522388059702,1,0.2358422939068101,0.355649320206282,1.0769230769230769,1.1076923076923078,1,9.210738070776255
"Hyde Park Corner, Hyde Park",928,791,1.1731984829329962,3,0.3655555555555556,0.1685534591194967,3.646153846153846,9.184615384615384,3,19.69689488146552
"Jewry Street, Aldgate",352,297,1.1851851851851851,1,0.1220588235294117,0.165368682684341,2.830769230769231,4.538461538461538,1,12.578007575757574
"Kennington Cross, Kennington",809,761,1.0630749014454666,2,0.135952420841012,0.393920972644377,7.2,4.584615384615384,2,12.357153234445818
"Kennington Road, Vauxhall",488,492,0.991869918699187,2,0.2071428571428571,0.3933333333333334,4.538461538461538,2.753846153846154,2,9.991677766393444
"Kennington Station, Kennington",356,337,1.056379821958457,2,0.0161125319693091,0.2991304347826087,2.353846153846154,1.1384615384615384,2,12.1451593164794
"Killick Street, King's Cross",160,152,1.0526315789473684,0,0.2636363636363637,0.3303030303030304,0.5384615384615384,0.8769230769230769,0,13.815835104166666
"King Edward Street, St Pauls",410,449,0.9131403118040088,1,0.0879310344827586,0.1129213483146066,2.246153846153846,3.276923076923077,1,9.207239268292684
"King Edward Walk, Waterloo",159,153,1.03921568627451,2,0.2551948051948054,0.2636363636363637,0.6615384615384615,0.4615384615384615,2,10.890005450733751
"Kings Gate House, Westminster",386,406,0.9507389162561576,3,0.3436781609195404,0.065,2.707692307692308,3.3076923076923075,3,12.598711485319516
"Kingsway Southbound, Strand",663,922,0.7190889370932755,2,0.4393939393939394,0.1757575757575757,1.4615384615384617,2.7384615384615385,2,11.500639165409751
"Kingsway, Covent Garden",214,186,1.1505376344086022,0,0.5010869565217393,0.0089185393258426,0.1538461538461538,0.5384615384615384,0,10.957002959501558
"Knightsbridge, Hyde Park",142,61,2.3278688524590163,3,0.7302325581395349,0.3249169435215946,0.0,0.2769230769230769,3,16.63806607981221
"LSBU (Borough Road), Elephant & Castle",321,336,0.9553571428571428,2,0.3,0.4571428571428573,1.7846153846153847,1.984615384615385,2,10.068121028037384
"Lambeth North Station, Waterloo",420,452,0.9292035398230089,2,0.0785714285714286,0.3000000000000001,2.230769230769231,2.6923076923076925,2,9.063836706349203
"Lambeth Palace Road, Waterloo",897,849,1.0565371024734982,2,0.2571428571428572,0.0342857142857143,6.753846153846154,7.615384615384615,2,10.818946283909328
"Lambeth Road, Vauxhall",444,413,1.0750605326876512,2,0.1155555555555556,0.1622222222222222,2.523076923076923,1.5692307692307692,2,10.110647147147146
"Lavington Street, Bankside",438,404,1.0841584158415842,2,0.358271497162811,0.0934169278996865,3.0923076923076924,4.246153846153846,2,8.500658561643835
"Leman Street, Aldgate",517,451,1.146341463414634,2,0.2253945220388178,0.4573867100182891,1.6923076923076923,3.723076923076923,2,11.436538007736944
"Leonard Circus , Shoreditch",790,790,1.0,1,0.2906976744186047,0.0116279069767442,8.261538461538462,6.461538461538462,1,10.237277510548523
"Lincoln's Inn Fields, Holborn",623,695,0.8964028776978418,0,0.5497835497835499,0.1460764587525149,1.0769230769230769,4.246153846153846,0,12.289443499197432
"Little Argyll Street, West End",892,1027,0.8685491723466408,0,0.2971428571428572,0.0190476190476189,4.307692307692308,10.984615384615385,0,12.113558688340808
"Lollard Street, Vauxhall",719,684,1.0511695906432748,2,0.058181818181818,0.2727272727272732,5.707692307692308,4.984615384615385,2,10.012386439499304
"Long Lane , Bermondsey",571,517,1.1044487427466152,2,0.1166666666666667,0.208992805755396,5.3538461538461535,3.261538461538461,2,11.057533800350264
"Longford Street, The Regent's Park",230,193,1.1917098445595855,0,0.201904761904762,0.2495238095238096,1.1846153846153846,1.015384615384615,0,12.07134043478261
"Lower Marsh, Waterloo",499,475,1.0505263157894738,2,0.088235294117647,0.1042016806722689,4.415384615384616,2.3846153846153846,2,10.139250601202404
"Lower Thames Street, Monument",219,170,1.2882352941176471,2,0.4945488721804512,0.0666666666666664,1.1384615384615384,0.5538461538461539,2,12.46991499238965
"Macclesfield Rd, St Lukes",1101,778,1.4151670951156812,1,0.1922779922779925,0.3547619047619049,9.215384615384616,5.8,1,10.5438068119891
"Malet Street, Bloomsbury",1289,1306,0.9869831546707504,0,0.3706864564007421,0.0770911181373956,5.538461538461538,10.446153846153846,0,10.92171636927851
"Mallory Street, Marylebone",249,157,1.585987261146497,0,0.19,0.41,0.2,0.5230769230769231,0,9.447733400267738
"Margery Street, Clerkenwell",360,332,1.0843373493975903,0,0.129127613554434,0.2368421052631579,3.0307692307692307,1.7846153846153847,0,9.991616111111112
"Marylebone Lane, Marylebone",476,455,1.0461538461538462,0,0.3333333333333333,0.0039617486338796,3.815384615384616,3.6307692307692303,0,10.002045728291318
"Millbank Tower, Pimlico",383,325,1.1784615384615384,3,0.2274566473988442,0.0183333333333333,3.892307692307692,2.769230769230769,3,14.370588033072236
"Millennium Hotel, Mayfair",161,192,0.8385416666666666,3,0.4581196581196582,0.0888888888888889,0.2307692307692307,0.4769230769230769,3,13.71402194616977
"Milroy Walk, South Bank",444,486,0.9135802469135802,2,0.3416666666666668,0.176241134751773,3.3076923076923075,4.076923076923077,2,9.102381794294296
"Montpelier Street, Knightsbridge",342,344,0.994186046511628,3,0.1583333333333334,0.0958333333333333,3.3846153846153846,2.523076923076923,3,14.862498976608189
"Monument Street, Monument",598,642,0.9314641744548288,2,0.1897727272727273,0.1707792207792207,6.1692307692307695,6.569230769230769,2,12.043920652173911
"Moor Street, Soho",782,858,0.9114219114219114,0,0.45,0.0499999999999999,2.4461538461538463,8.2,0,12.462855285592497
"Moorfields, Moorgate",1294,1454,0.889958734525447,1,0.1920634920634921,0.1179765130984643,18.16923076923077,13.984615384615385,1,10.182253013910357
"Murray Grove , Hoxton",535,419,1.2768496420047732,1,0.14376575528408,0.4148148148148149,3.107692307692308,2.892307692307692,1,11.576527757009346
"Museum of London, Barbican",1015,953,1.0650577124868836,1,0.2910256410256411,0.0818181818181817,8.646153846153846,7.553846153846154,1,9.89990157635468
"New Cavendish Street, Marylebone",330,415,0.7951807228915663,0,0.2000000000000001,0.0346253229974166,2.953846153846154,2.876923076923077,0,11.66659590909091
"New Fetter Lane, Holborn",748,705,1.0609929078014184,1,0.2495238095238096,0.0136904761904762,7.3076923076923075,9.353846153846154,1,9.713696590909093
"New Globe Walk, Bankside",319,304,1.049342105263158,2,0.3894736842105265,0.0366938472942922,3.353846153846154,2.6307692307692307,2,10.560518181818182
"New Inn Yard, Shoreditch",510,499,1.0220440881763526,1,0.3008771929824563,0.225,5.076923076923077,3.892307692307692,1,11.6076831372549
"New Kent Road, The Borough",510,492,1.0365853658536586,2,0.106060606060606,0.2525846702317292,2.230769230769231,4.246153846153846,2,11.086790457516338
"New North Road 2, Hoxton",369,268,1.376865671641791,1,0.1218181818181818,0.4681818181818183,1.323076923076923,1.323076923076923,1,10.13107064137308
"Newgate Street , St. Paul's",1074,1231,0.8724614134849715,1,0.1887468030690537,0.1509803921568629,13.138461538461538,9.984615384615385,1,10.337676784605836
"Newton Street, Covent Garden",337,334,1.0089820359281436,0,0.4557971014492755,0.0446428571428569,0.953846153846154,1.969230769230769,0,10.5712225024728
"North Audley Street, Mayfair",297,345,0.8608695652173913,3,0.3247058823529413,0.0294117647058824,0.9076923076923076,2.9384615384615387,3,12.250306172839506
"Northdown Street, King's Cross",290,221,1.3122171945701355,1,0.261904761904762,0.321904761904762,0.3230769230769231,1.8461538461538465,1,11.938303850574712
"Northington Street , Holborn",804,798,1.0075187969924813,0,0.2065789473684211,0.0486842105263157,6.384615384615385,5.707692307692308,0,9.77470236318408
"Northumberland Avenue, Strand",289,325,0.8892307692307693,3,0.5248933143669989,0.275516693163752,4.015384615384615,3.4461538461538463,3,13.327036735870818
"Norton Folgate, Liverpool Street",459,483,0.9503105590062112,1,0.3171219699884572,0.1260869565217386,6.107692307692307,3.0615384615384613,1,11.493403885257807
"Nutford Place, Marylebone",107,107,1.0,0,0.0176684881602914,0.3648745519713269,0.5076923076923077,0.2461538461538461,0,12.275632242990651
"Old Quebec Street, Marylebone",735,710,1.0352112676056338,0,0.1602272727272727,0.0494565217391304,7.753846153846154,5.276923076923077,0,11.070898412698412
"Old Street Station, St. Luke's",1229,1336,0.9199101796407184,1,0.2995798319327732,0.1013827044762123,9.76923076923077,12.107692307692307,1,8.89323378085164
"Ontario Street, Elephant & Castle",484,549,0.8816029143897997,2,0.1582089552238805,0.0761904761904762,4.630769230769231,4.2,2,9.688901893939397
"Ossulston Street, Somers Town",739,670,1.1029850746268657,0,0.2,0.21,6.553846153846154,7.2,0,11.628342331980152
"Paddington Street, Marylebone",598,585,1.022222222222222,0,0.0125,0.0,5.507692307692308,3.6307692307692303,0,11.001029821627649
"Page Street, Westminster",809,889,0.9100112485939258,3,0.3790960451977402,0.103820816864295,10.184615384615384,7.046153846153846,3,11.612603790688093
"Palissy Street, Shoreditch",390,349,1.1174785100286533,1,0.0043956043956043,0.2736263736263737,1.323076923076923,1.9384615384615385,1,9.845031153846154
"Pall Mall East, West End",420,470,0.8936170212765957,3,0.290909090909091,0.1642324888226526,4.230769230769231,3.2,3,13.162847777777776
"Pancras Road, King's Cross",226,209,1.0813397129186604,0,0.2116379310344828,0.065,1.0461538461538462,0.8,0,11.438544911504426
"Panton Street, West End",554,632,0.8765822784810127,3,0.4476190476190477,0.1047619047619049,2.076923076923077,4.2,3,13.570328790613718
"Park Lane , Hyde Park",301,369,0.8157181571815718,3,0.31,0.1428571428571429,1.0769230769230769,3.4923076923076923,3,15.798558748615726
"Park Lane, Mayfair",212,212,1.0,3,0.5460317460317461,0.0111111111111111,0.4153846153846154,0.8,3,11.982140015723273
"Park Road (Baker Street), The Regent's Park",629,582,1.0807560137457044,0,0.0909090909090908,0.0909090909090908,5.492307692307692,3.0615384615384613,0,10.956412957074722
"Park Street, Bankside",218,239,0.9121338912133892,2,0.3333333333333333,0.2222222222222222,2.107692307692308,1.2307692307692308,2,11.825276758409784
"Percival Street, Finsbury",638,530,1.2037735849056603,1,0.0215909090909088,0.2545454545454546,4.615384615384615,3.615384615384616,1,10.225203578892373
"Pindar Street, Liverpool Street",252,323,0.7801857585139319,1,0.3607142857142859,0.0452380952380953,2.0307692307692307,1.4615384615384617,1,10.874857671957672
"Pitfield Street Central, Hoxton",568,447,1.2706935123042506,1,0.0666666666666667,0.3933333333333334,0.7384615384615385,2.123076923076923,1,10.875045158450703
"Pont Street, Knightsbridge",314,317,0.9905362776025236,3,0.2462962962962965,0.0061403508771925,2.9692307692307693,2.076923076923077,3,12.87345923566879
"Porchester Place, Paddington",475,434,1.0944700460829493,0,0.0638888888888888,0.1222222222222222,1.3692307692307693,2.6923076923076925,0,11.688608877192982
"Portland Place, Marylebone",596,551,1.0816696914700543,0,0.4573529411764707,0.192436974789916,4.430769230769231,3.076923076923077,0,10.445107326621924
"Portman Square, Marylebone",365,356,1.0252808988764044,0,0.2647058823529412,0.088235294117647,2.876923076923077,3.4615384615384617,0,11.45146292237443
"Portugal Street, Holborn",537,645,0.8325581395348837,2,0.4593543046357616,0.0499999999999998,1.1384615384615384,3.5384615384615383,2,11.404631626319055
"Poured Lines, Bankside",283,303,0.933993399339934,2,0.3387096774193548,0.3064516129032258,2.0153846153846158,2.276923076923077,2,10.493100058892814
"Queen Mother Sports Centre, Victoria",442,524,0.8435114503816794,3,0.1091653027823242,0.1538461538461539,3.4,2.569230769230769,3,9.229954788838612
"Queen Street 1, Bank",1184,1699,0.6968805179517363,2,0.2291866028708135,0.0142857142857142,17.153846153846153,12.615384615384617,2,10.63369769144144
"Queen Street 2, Bank",1162,1178,0.9864176570458404,2,0.3952883263009845,0.0682539682539682,11.276923076923078,11.123076923076924,2,10.325329417670684
"Queen Victoria Street, St. Paul's",489,612,0.7990196078431373,1,0.2708629893238434,0.0187499999999999,4.430769230769231,3.6,1,10.274314655760056
"Rampayne Street, Pimlico",547,515,1.062135922330097,3,0.1285714285714285,0.2791666666666667,4.507692307692308,3.9846153846153847,3,10.128784277879342
"Rathbone Street, Fitzrovia",502,472,1.0635593220338984,0,0.4750000000000001,0.0125,3.784615384615385,3.076923076923077,0,9.60407390438247
"Red Lion Square, Holborn",370,329,1.1246200607902737,0,0.4830000000000001,0.0821428571428571,2.2153846153846155,1.8461538461538465,0,9.417960990990991
"Red Lion Street, Holborn",1022,1004,1.0179282868525896,0,0.3645645645645646,0.1311111111111111,9.861538461538462,8.384615384615385,0,9.823243917155905
"Regency Street, Westminster",559,511,1.0939334637964775,3,0.103030303030303,0.3781818181818183,2.3230769230769237,2.4,3,10.8284126118068
"Risinghill Street, Angel",226,151,1.4966887417218544,0,0.1452631578947369,0.5152380952380955,0.4307692307692308,0.7538461538461538,0,11.511125958702063
"River Street , Clerkenwell",347,224,1.5491071428571428,1,0.2144736842105264,0.3421052631578948,1.1384615384615384,0.6615384615384615,1,9.622572574447648
"Rochester Row, Westminster",336,351,0.9572649572649572,3,0.2923076923076924,0.0553846153846154,3.1538461538461537,2.0307692307692307,3,10.145411656746033
"Rodney Road , Walworth",356,307,1.1596091205211727,2,0.1066666666666666,0.4083333333333334,1.4307692307692308,1.0461538461538462,2,12.452841058052435
"Roscoe Street, St. Luke's",526,456,1.1535087719298245,1,0.1666666666666666,0.2095238095238096,4.415384615384616,3.230769230769231,1,8.829067490494296
"Royal Avenue 1, Chelsea",96,109,0.8807339449541285,3,0.3500000000000001,0.0,0.1692307692307692,0.2615384615384615,3,13.195959375
"Royal Avenue 2, Chelsea",175,176,0.9943181818181818,3,0.0814159292035392,0.06,0.9846153846153848,0.7076923076923077,3,13.339894
"Russell Square Station, Bloomsbury",783,794,0.986146095717884,0,0.2736263736263737,0.0340659340659341,5.907692307692308,4.984615384615385,0,10.211304342273309
"Sackville Street, Mayfair",457,531,0.8606403013182674,0,0.5491704374057317,0.1322371699053313,0.9230769230769232,4.984615384615385,0,13.145583479212254
"Sadlers Sports Centre, Finsbury",702,621,1.1304347826086956,1,0.1167217448777266,0.1470588235294122,8.861538461538462,4.307692307692308,1,9.030423599240269
"Sail Street, Vauxhall",389,342,1.1374269005847952,2,0.0764227642276422,0.3516666666666668,2.646153846153846,2.6615384615384614,2,10.44738466152528
"Sancroft Street, Vauxhall",189,232,0.8146551724137931,2,0.1293859649122808,0.2782312925170069,1.1384615384615384,0.4769230769230769,2,12.687792680776017
"Scala Street, Fitzrovia",543,546,0.9945054945054944,0,0.3095238095238096,0.1314285714285714,5.476923076923077,3.076923076923077,0,10.44048517495396
"Sea Containers, South Bank",764,741,1.0310391363022942,2,0.3272727272727273,0.0242424242424244,7.430769230769231,6.6923076923076925,2,9.148184315008724
"Sedding Street, Sloane Square",406,391,1.0383631713554988,3,0.1770114942528737,0.0592592592592592,4.661538461538462,2.4307692307692306,3,11.967005747126436
"Seville Street, Knightsbridge",311,294,1.0578231292517006,3,0.3373581674159709,0.1354497354497355,1.9230769230769231,2.1384615384615384,3,13.25667036441586
"Seymour Place, Marylebone",486,509,0.9548133595284872,0,0.0528735632183908,0.3336206896551724,4.246153846153846,4.4,0,12.775936625514404
"Shoreditch High Street, Shoreditch",702,662,1.0604229607250757,1,0.2073170731707317,0.1266930099468596,3.96923076923077,5.276923076923077,1,12.51966054131054
"Shouldham Street, Marylebone",502,491,1.0224032586558045,0,0.1270833333333333,0.3125,2.261538461538461,2.2,0,9.734109462151393
"Sloane Avenue, Knightsbridge",259,245,1.0571428571428572,3,0.2777777777777778,0.1247115968427448,1.1846153846153846,0.7230769230769231,3,15.909491441441444
"Smith Square, Westminster",565,592,0.954391891891892,3,0.3060606060606061,0.1017094017094016,7.446153846153846,4.2,3,13.56950634218289
"Snow Hill, Farringdon",682,650,1.0492307692307692,1,0.2734513274336285,0.126086956521739,10.584615384615384,8.384615384615385,1,10.081035508308895
"Snowsfields, London Bridge",666,704,0.9460227272727272,2,0.3059804276911925,0.0684056181509492,6.015384615384615,5.753846153846154,2,10.850555855855855
"Soho Square , Soho",1187,1415,0.83886925795053,0,0.3803099982967127,0.0111842105263156,10.123076923076924,11.93846153846154,0,11.692251698960966
"Somerset House, Strand",266,372,0.7150537634408602,2,0.404566683964712,0.2339499099688984,0.953846153846154,2.815384615384616,2,14.054673809523807
"South Audley Street, Mayfair",176,204,0.8627450980392157,3,0.3219858156028369,0.1466666666666666,0.3692307692307692,1.4,3,11.581389678030304
"Southampton Place, Holborn",556,558,0.996415770609319,0,0.35,0.17,2.0615384615384613,5.892307692307693,0,10.426805335731416
"Southampton Street, Strand",537,513,1.046783625730994,3,0.2142857142857143,0.1071428571428572,1.907692307692308,5.2615384615384615,3,11.893836747361886
"Southwark Station 2, Southwark",844,870,0.9701149425287356,2,0.4699763593380617,0.3096473719228214,8.153846153846153,8.36923076923077,2,10.174139652448655
"Southwark Street, Bankside",332,351,0.945868945868946,2,0.3619360131255129,0.0771739130434783,2.4,4.015384615384615,2,9.172062098393576
"Southwick Street, Paddington",317,247,1.2834008097165992,0,0.0609625668449197,0.4521008403361345,0.8769230769230769,1.3846153846153846,0,13.99659305993691
"St Mary's Hospital, Paddington",508,473,1.0739957716701902,0,0.0318181818181818,0.2,7.538461538461538,4.523076923076923,0,14.082784317585302
"St. Bride Street, Holborn",694,1001,0.6933066933066933,2,0.3141116751269035,0.01875,5.369230769230769,7.384615384615385,2,10.821492267050912
"St. Chad's Street, King's Cross",283,322,0.8788819875776398,0,0.0701163502755665,0.4428808496515103,1.7846153846153847,1.7076923076923076,0,12.521448881036514
"St. George Street, Mayfair",347,401,0.8653366583541147,3,0.3138888888888889,0.0461538461538461,3.507692307692308,2.892307692307692,3,11.730714024975985
"St. James's Square, St. James's",968,1513,0.6397884996695308,3,0.286336032388664,0.0313432835820894,10.692307692307692,12.830769230769231,3,12.184996556473829
"St. John Street, Finsbury",462,356,1.297752808988764,0,0.0682539682539682,0.3377777777777778,5.338461538461538,2.4307692307692306,0,10.25508878066378
"St. John's Wood Church, The Regent's Park",226,197,1.1472081218274113,0,0.183448275862069,0.44,0.5846153846153846,0.9076923076923076,0,13.47099454277286
"St. Katharine's Way, Tower",391,340,1.15,1,0.1569892473118285,0.2071428571428571,1.353846153846154,2.123076923076923,1,12.6669810741688
"St. Martin's Street, West End",188,237,0.7932489451476793,3,0.6888888888888889,0.3188323917137478,0.1846153846153846,0.4923076923076923,3,14.593147429078016
"St. Mary Axe, Aldgate",465,513,0.9064327485380116,1,0.026190476190476,0.1666666666666666,3.0307692307692307,4.7384615384615385,1,12.528690501792116
"Stamford Street, South Bank",573,615,0.9317073170731708,2,0.0673400673400673,0.2999254287844898,5.184615384615385,4.769230769230769,2,10.438342931937171
"Stanhope Gate, Mayfair",204,183,1.1147540983606556,3,0.5015873015873018,0.1714285714285716,0.4769230769230769,1.0769230769230769,3,11.764355147058822
"Store Street, Bloomsbury",743,722,1.0290858725761771,0,0.435,0.1206249999999999,9.0,6.861538461538461,0,10.442294279946164
"Storey's Gate, Westminster",737,771,0.9559014267185474,3,0.3258145363408522,0.0210231461005455,5.323076923076923,8.476923076923077,3,14.47742998643148
"Strand, Strand",919,1025,0.8965853658536586,2,0.3539253539253539,0.1142857142857142,3.123076923076923,7.753846153846154,2,11.787231791802684
"Strata, Elephant & Castle",782,905,0.8640883977900552,2,0.0009756097560976,0.3623059866962307,7.553846153846154,6.292307692307692,2,11.126069458653026
"Sun Street, Liverpool Street",756,804,0.9402985074626866,1,0.1666666666666666,0.0066517189835572,9.6,9.723076923076922,1,10.827498037918872
"Swan Street, The Borough",554,518,1.0694980694980696,2,0.2465608465608466,0.1871693121693124,4.892307692307693,2.892307692307692,2,11.032591305655837
"Tachbrook Street, Victoria",511,450,1.1355555555555557,3,0.0825,0.2303571428571429,2.8,2.507692307692308,3,11.711519569471625
"Tallis Street, Temple",590,658,0.8966565349544073,2,0.2619369369369371,0.0416666666666666,8.0,5.6923076923076925,2,10.594089265536724
"Tanner Street, Bermondsey",730,590,1.2372881355932204,2,0.119068736141907,0.3048780487804878,7.784615384615384,3.753846153846154,2,10.847243515981736
"Tate Modern, Bankside",534,549,0.9726775956284152,2,0.2333333333333334,0.2333333333333333,3.3846153846153846,3.923076923076923,2,11.046224906367042
"Tavistock Place, Bloomsbury",518,414,1.251207729468599,0,0.1380566801619432,0.1242105263157895,2.3230769230769237,2.2,0,10.254399613899617
"Tavistock Street, Covent Garden",658,775,0.8490322580645161,0,0.5711598746081504,0.0454545454545455,0.8923076923076924,5.0,0,11.706297036474163
"Taviton Street, Bloomsbury",889,799,1.1126408010012516,0,0.4529411764705887,0.0249999999999999,2.0615384615384613,5.030769230769231,0,10.549569291338583
"Temple Gardens, Temple",312,366,0.8524590163934426,3,0.375,0.0011904761904761,2.3692307692307693,3.476923076923077,3,12.048592735042735
"The Guildhall, Guildhall",442,618,0.7152103559870551,1,0.3901960784313726,0.0452012383900929,1.5692307692307692,2.753846153846154,1,10.70074773755656
"The Tennis Courts, The Regent's Park",233,204,1.142156862745098,0,0.4000000000000001,0.2303571428571429,1.2461538461538462,0.8769230769230769,0,11.347669027181688
"Theobald's Road , Holborn",832,785,1.059872611464968,0,0.4054709995886471,0.0340659340659341,6.492307692307692,4.7846153846153845,0,9.274792528044872
"Tooley Street, Bermondsey",1056,1141,0.925503943908852,2,0.1470229723394283,0.0314814814814813,9.907692307692308,10.63076923076923,2,11.956944602272728
"Torrens Street, Angel",189,210,0.9,1,0.1894736842105264,0.2894736842105264,0.8461538461538461,0.953846153846154,1,8.829479894179894
"Tower Gardens , Tower",446,513,0.8693957115009746,2,0.2583333333333334,0.1443181818181818,3.3230769230769237,3.723076923076923,2,14.859454446935723
"Tower Wharf, Bermondsey",662,614,1.0781758957654723,2,0.0249999999999999,0.4,5.246153846153846,3.661538461538461,2,11.298212663645518
"Triangle Car Park, Hyde Park",385,372,1.0349462365591398,3,0.3677559912854033,0.1962101636520242,0.2615384615384615,3.046153846153846,3,20.63411757575758
"Tyers Gate, Bermondsey",510,492,1.0365853658536586,2,0.2071428571428571,0.2177777777777778,4.123076923076923,2.4461538461538463,2,12.451201699346404
"Tysoe Street, Clerkenwell",626,644,0.9720496894409938,1,0.0499999999999999,0.0928571428571429,3.5384615384615383,3.692307692307693,1,9.905134930777423
"Union Street, The Borough",504,537,0.9385474860335196,2,0.1042016806722689,0.0720588235294117,5.707692307692308,3.292307692307692,2,10.916403505291004
"Upper Grosvenor Street, Mayfair",58,49,1.183673469387755,0,0.4783625730994152,0.312403100775194,0.0307692307692307,0.0307692307692307,0,12.442597701149426
"Victoria & Albert Museum, South Kensington",138,123,1.1219512195121952,3,0.4428571428571429,0.1066666666666666,0.1692307692307692,0.2307692307692307,3,18.437003019323672
"Victory Place, Walworth",347,247,1.4048582995951415,2,0.1777777777777778,0.375,1.1538461538461535,0.7538461538461538,2,11.125930595581172
"Vincent Square, Westminster",213,199,1.07035175879397,3,0.1791257805530776,0.3531100478468905,1.646153846153846,0.5846153846153846,3,12.825592723004696
"Vincent Street, Pimlico",486,421,1.154394299287411,3,0.0296675191815857,0.1925539836187642,1.4307692307692308,2.4,3,10.726333093278464
"Walnut Tree Walk, Vauxhall",495,439,1.1275626423690206,2,0.075,0.2428571428571429,3.523076923076923,3.0615384615384613,2,11.54887
"Walworth Square, Walworth",689,619,1.1130856219709209,2,0.0947247706422014,0.2818435754189944,4.184615384615385,5.2,2,12.506061175616836
"Wardour Street, Soho",722,746,0.967828418230563,0,0.4750000000000001,0.0,3.8461538461538463,5.661538461538462,0,12.729814935364727
"Warren Street Station, Euston",1405,1415,0.9929328621908128,0,0.1323076923076923,0.0215059588299024,10.461538461538462,10.2,0,9.432813618030842
"Warwick Row, Westminster",711,800,0.88875,3,0.1882783882783884,0.1214285714285713,7.815384615384615,8.876923076923077,3,12.858923300515704
"Warwick Square, Pimlico",580,406,1.4285714285714286,3,0.071578947368421,0.2421052631578948,2.276923076923077,1.476923076923077,3,11.37556143678161
"Waterloo Bridge, South Bank",194,260,0.7461538461538462,0,0.0078431372549019,0.0666666666666667,0.676923076923077,0.9846153846153848,0,12.0111235395189
"Waterloo Place, St. James's",368,369,0.997289972899729,3,0.45,0.015,1.0769230769230769,2.907692307692308,3,13.390323686594202
"Waterloo Road, South Bank",456,488,0.9344262295081968,2,0.1333333333333333,0.1583892617449664,2.953846153846154,3.1538461538461537,2,11.044300694444445
"Waterloo Station 1, Waterloo",2984,2918,1.0226182316655243,1,0.3813483238612965,0.3279898218829516,36.01538461538462,26.615384615384617,1,11.34599991621984
"Waterloo Station 2, Waterloo",2360,1040,2.269230769230769,1,0.1742806427503737,0.5734313077939235,7.6,13.138461538461538,1,12.00276331920904
"Waterloo Station 3, Waterloo",4659,4998,0.9321728691476592,1,0.48609865470852,0.2160714285714286,49.261538461538464,67.50769230769231,1,11.837159401159049
"Webber Street , Southwark",824,793,1.039092055485498,2,0.0825396825396825,0.3069444444444445,9.63076923076923,6.907692307692308,2,9.60175283171521
"Wellington Arch, Hyde Park",380,424,0.8962264150943396,3,0.4303418803418804,0.2444444444444444,1.646153846153846,4.4,3,17.24763807017544
"Wellington Row, Bethnal Green",322,294,1.0952380952380951,1,0.2178999295278365,0.3913419913419914,1.676923076923077,1.646153846153846,1,13.545220496894409
"Wellington Street , Strand",880,917,0.9596510359869138,2,0.4359848484848486,0.2292635658914729,5.7846153846153845,8.015384615384615,2,11.030289583333332
"Wells Street, Fitzrovia",799,801,0.9975031210986268,0,0.3485829959514171,0.0954887218045112,6.430769230769231,8.261538461538462,0,10.824703400083438
"Wenlock Road , Hoxton",920,654,1.4067278287461773,1,0.1428571428571429,0.2450819672131151,6.753846153846154,3.6769230769230767,1,9.668227300724638
"West Smithfield Rotunda, Farringdon",762,762,1.0,1,0.1473684210526317,0.0333333333333333,11.2,7.184615384615385,1,10.336626487314083
"Westminster Bridge Road, Elephant & Castle",99,103,0.9611650485436892,2,0.5846153846153864,0.2702467343976777,0.3230769230769231,0.4307692307692308,2,9.9916765993266
"Westminster Pier, Westminster",792,867,0.9134948096885812,3,0.320547298891248,0.111653116531165,5.646153846153847,8.938461538461539,3,13.058196085858588
"Westminster University, Marylebone",295,295,1.0,0,0.210377358490566,0.2147727272727273,1.446153846153846,1.9538461538461536,0,12.735202146892656
"Whitehall Place, Strand",790,901,0.876803551609323,3,0.3383631713554987,0.1617056856187292,10.046153846153846,10.138461538461538,3,13.227387721518989
"William IV Street, Strand",1038,1151,0.9018245004344048,0,0.3823401950162514,0.2137039431157079,12.430769230769233,10.353846153846154,0,11.29908540462428
"Windsor Terrace, Hoxton",571,464,1.230603448275862,1,0.1666666666666666,0.2071428571428571,6.6923076923076925,3.4153846153846152,1,10.183453765323993
"Wood Street, Guildhall",403,516,0.7810077519379846,1,0.3136598572483388,0.0327084680025853,6.292307692307692,2.9692307692307693,1,11.279789454094292
"Woodstock Street, Mayfair",234,232,1.0086206896551724,3,0.4797619047619048,0.1428571428571429,0.3076923076923077,1.5384615384615383,3,10.91944138176638
"Wormwood Street, Liverpool Street",2290,2171,1.0548134500230308,2,0.0528846153846154,0.3357142857142857,23.16923076923077,27.32307692307692,2,11.904980211062592
"Worship Street, Shoreditch",692,725,0.9544827586206897,1,0.327415221407712,0.0156862745098039,4.907692307692308,8.523076923076923,1,11.94824284682081
"Wren Street, Holborn",622,609,1.0213464696223318,0,0.202948402948403,0.2884848484848485,3.3692307692307693,4.2615384615384615,0,8.367335905680601
